Id,Order_Id,Name,Uuid,Album_Id,Duration
1,1,Kirisute Gomen,28290488-3778-49e1-b2c3-8abcdcf8a58e,1,6:28
2,2,Torn Between Scylla and Charybdis,9b4ed4fd-3ee7-4fc6-8a32-c73af3fb3605,1,6:49
3,3,Down from the Sky,0babb82a-2f98-4545-90e6-38aaee6c8c88,1,5:35
4,1,Capsizing the Sea,168c49f5-a1fb-4fcc-bb73-384664b00d25,2,1:30
5,2,In Waves,af9f171e-d8ee-498e-82d0-4708bda28255,2,5:02
6,3,Inception of the End,a4376e84-c816-4349-9407-64d9da4460f4,2,3:48
7,1,Dead Choir,6e5f8b01-2a7a-49b0-a517-a482781a38b4,3,3:32
8,2,White Livered,d7f9f735-6e08-4c03-8236-c949a1d03f77,3,3:04
9,3,Truth Be Told,4128ce95-7e88-4eac-a921-3729082c7f23,3,3:40
10,1,Dark Flag,da909e35-17ce-4399-a191-13ddb371f0e5,4,4:11
11,2,Burning Bright,34c17964-47e5-451c-9bed-4f13f8952553,4,4:26
12,3,I Saw the Bombs Fall,eb4465c4-6feb-4aa3-902e-01b5fe7f1ebe,4,3:33
13,1,This Is Goodbye,4b6f904b-4136-4d20-9c08-dea8bc58804a,5,3:42
14,2,Diamonds,8de4ecee-0e88-4b05-9ecb-fda1bab1a266,5,4:02
15,3,Broken Love,3df38040-1063-4c05-a697-d9f84747c734,5,4:07
16,1,Erase,a7e964bf-c86d-400e-95b8-5fa5a4d86e81,6,3:43
17,2,Paralyzed,842859b0-aea8-4d51-99eb-bf7823db42b6,6,4:12
18,3,Room to Breathe,68ea8f8f-a763-4a97-bd21-f37f267ab557,6,3:56